timestamp,source,cve_id,description,model,attack_type,cvss_score,severity,cwe_ids,published,keyword_match,eu_ai_act_risk,success_rate,defense_efficacy,defense_mechanism,defense_mature,new_technique,threat_score,atlas_id,name,tactic,record_type,owasp_id
2026-03-09T13:10:00.771701+00:00,nvd,CVE-2026-30247,"WeKnora is an LLM-powered framework designed for deep document understanding and semantic retrieval. Prior to version 0.2.12, the application's ""Import document via URL"" feature is vulnerable to Server-Side Request Forgery (SSRF) through HTTP redirects. While the backend implements comprehensive URL validation (blocking private IPs, loopback addresses, reserved hostnames, and cloud metadata endpoints), it fails to validate redirect targets. An attacker can bypass all protections by using a redir",generic,other,5.9,MEDIUM,"[""CWE-918""]",2026-03-07T04:15:54.560,LLM,minimal,0.0,0.0,unknown,False,False,41.7,,,,,
2026-03-09T13:10:00.771701+00:00,nvd,CVE-2026-30855,"WeKnora is an LLM-powered framework designed for deep document understanding and semantic retrieval. Prior to version 0.3.2, an authorization bypass in tenant management endpoints of WeKnora application allows any authenticated user to read, modify, or delete any tenant by ID. Since account registration is open to the public, this vulnerability allows any unauthenticated attacker to register an account and subsequently exploit the system. This enables cross-tenant account takeover and destructio",generic,other,8.8,HIGH,"[""CWE-284""]",2026-03-07T17:15:53.053,LLM,minimal,0.0,0.0,unknown,False,False,50.4,,,,,
2026-03-09T13:10:00.771701+00:00,nvd,CVE-2026-30856,"WeKnora is an LLM-powered framework designed for deep document understanding and semantic retrieval. Prior to version 0.3.0,  a vulnerability involving tool name collision and indirect prompt injection allows a malicious remote MCP server to hijack tool execution. By exploiting an ambiguous naming convention in the MCP client (mcp_{service}_{tool}), an attacker can register a malicious tool that overwrites a legitimate one (e.g., tavily_extract). This enables the attacker to redirect LLM executi",generic,prompt_injection,5.9,MEDIUM,"[""CWE-706""]",2026-03-07T17:15:53.210,LLM,high,0.78,0.65,Input sanitization + output filtering,False,False,63.1,,,,,
2026-03-09T13:10:00.771701+00:00,nvd,CVE-2026-30857,"WeKnora is an LLM-powered framework designed for deep document understanding and semantic retrieval. Prior to version 0.3.0, a cross-tenant authorization bypass in the knowledge base copy endpoint allows any authenticated user to clone (duplicate) another tenant’s knowledge base into their own tenant by knowing/guessing the source knowledge base ID. This enables bulk data exfiltration (document/FAQ content) across tenants. This issue has been patched in version 0.3.0.",generic,data_exfiltration,5.3,MEDIUM,"[""CWE-639""]",2026-03-07T17:15:53.370,LLM,high,0.29,0.6,Differential privacy + output filtering,False,True,47.6,,,,,
2026-03-09T13:10:00.771701+00:00,nvd,CVE-2026-30858,"WeKnora is an LLM-powered framework designed for deep document understanding and semantic retrieval. Prior to version 0.3.0, a DNS rebinding vulnerability in the web_fetch tool allows an unauthenticated attacker to bypass URL validation and access internal resources on the server, including private IP addresses (e.g., 127.0.0.1, 192.168.x.x). By crafting a malicious domain that resolves to a public IP during validation and subsequently resolves to a private IP during execution, an attacker can a",generic,remote_code_execution,6.5,MEDIUM,"[""CWE-918""]",2026-03-07T17:15:53.523,LLM,high,0.15,0.8,Sandboxing + input validation,True,True,43.0,,,,,
2026-03-09T13:10:00.771701+00:00,nvd,CVE-2026-30859,"WeKnora is an LLM-powered framework designed for deep document understanding and semantic retrieval. Prior to version 0.2.12, a broken access control vulnerability in the database query tool allows any authenticated tenant to read sensitive data belonging to other tenants, including API keys, model configurations, and private messages. The application fails to enforce tenant isolation on critical tables (models, messages, embeddings), enabling unauthorized cross-tenant data access with user-leve",generic,remote_code_execution,5.3,MEDIUM,"[""CWE-284""]",2026-03-07T17:15:53.673,LLM,high,0.15,0.8,Sandboxing + input validation,True,True,39.4,,,,,
2026-03-09T13:10:00.771701+00:00,nvd,CVE-2026-30860,"WeKnora is an LLM-powered framework designed for deep document understanding and semantic retrieval. Prior to version 0.2.12, a remote code execution (RCE) vulnerability exists in the application's database query functionality. The validation system fails to recursively inspect child nodes within PostgreSQL array expressions and row expressions, allowing attackers to bypass SQL injection protections. By smuggling dangerous PostgreSQL functions inside these expressions and chaining them with larg",generic,remote_code_execution,9.9,CRITICAL,"[""CWE-89""]",2026-03-07T17:15:53.823,LLM,high,0.15,0.8,Sandboxing + input validation,True,False,53.2,,,,,
2026-03-09T13:10:00.771701+00:00,nvd,CVE-2026-30861,"WeKnora is an LLM-powered framework designed for deep document understanding and semantic retrieval. From version 0.2.5 to before version 0.2.10, an unauthenticated remote code execution (RCE) vulnerability exists in the MCP stdio configuration validation. The application allows unrestricted user registration, meaning any attacker can create an account and exploit the command injection flaw. Despite implementing a whitelist for allowed commands (npx, uvx) and blacklists for dangerous arguments a",generic,remote_code_execution,9.9,CRITICAL,"[""CWE-78""]",2026-03-07T17:15:53.980,LLM,high,0.15,0.8,Sandboxing + input validation,True,False,53.2,,,,,
2026-03-09T13:10:00.771701+00:00,nvd,CVE-2026-30820,"Flowise is a drag & drop user interface to build a customized large language model flow. Prior to version 3.0.13, Flowise trusts any HTTP client that sets the header x-request-from: internal, allowing an authenticated tenant session to bypass all /api/v1/** authorization checks. With only a browser cookie, a low-privilege tenant can invoke internal administration endpoints (API key management, credential stores, custom function execution, etc.), effectively escalating privilege. This issue has b",generic,other,0.0,UNKNOWN,"[""CWE-863""]",2026-03-07T05:16:26.243,large language model,minimal,0.0,0.0,unknown,False,False,24.0,,,,,
2026-03-09T13:10:00.771701+00:00,nvd,CVE-2026-30821,"Flowise is a drag & drop user interface to build a customized large language model flow. Prior to version 3.0.13, the /api/v1/attachments/:chatflowId/:chatId endpoint is listed in WHITELIST_URLS, allowing unauthenticated access to the file upload API. While the server validates uploads based on the MIME types defined in chatbotConfig.fullFileUpload.allowedUploadFileTypes, it implicitly trusts the client-provided Content-Type header (file.mimetype) without verifying the file's actual content (mag",generic,remote_code_execution,0.0,UNKNOWN,"[""CWE-434""]",2026-03-07T05:16:26.907,large language model,high,0.15,0.8,Sandboxing + input validation,True,True,23.5,,,,,
2026-03-09T13:10:00.771701+00:00,nvd,CVE-2026-30822,"Flowise is a drag & drop user interface to build a customized large language model flow. Prior to version 3.0.13, unauthenticated users can inject arbitrary values into internal database fields when creating leads. This issue has been patched in version 3.0.13.",generic,other,7.7,HIGH,"[""CWE-915""]",2026-03-07T05:16:27.483,large language model,minimal,0.0,0.0,unknown,False,False,47.1,,,,,
2026-03-09T13:10:00.771701+00:00,nvd,CVE-2026-30823,"Flowise is a drag & drop user interface to build a customized large language model flow. Prior to version 3.0.13, there is an IDOR vulnerability, leading to account takeover and enterprise feature bypass via SSO configuration. This issue has been patched in version 3.0.13.",generic,other,8.8,HIGH,"[""CWE-639"", ""CWE-862""]",2026-03-07T06:16:10.007,large language model,minimal,0.0,0.0,unknown,False,False,50.4,,,,,
2026-03-09T13:10:00.771701+00:00,nvd,CVE-2026-30824,"Flowise is a drag & drop user interface to build a customized large language model flow. Prior to version 3.0.13, the NVIDIA NIM router (/api/v1/nvidia-nim/*) is whitelisted in the global authentication middleware, allowing unauthenticated access to privileged container management and token generation endpoints. This issue has been patched in version 3.0.13.",generic,other,0.0,UNKNOWN,"[""CWE-306""]",2026-03-07T06:16:10.157,large language model,minimal,0.0,0.0,unknown,False,False,24.0,,,,,
2026-03-09T13:10:00.771701+00:00,nvd,CVE-2026-29783,"The shell tool within GitHub Copilot CLI versions prior to and including 0.0.422 can allow arbitrary code execution through crafted bash parameter expansion patterns. An attacker who can influence the commands executed by the agent (e.g., via prompt injection through repository files, MCP server responses, or user instructions) can exploit bash parameter transformation operators to execute hidden commands, bypassing the safety assessment that classifies commands as ""read-only."" This has been pat",generic,prompt_injection,0.0,UNKNOWN,"[""CWE-78""]",2026-03-06T17:16:35.487,prompt injection,high,0.78,0.65,Input sanitization + output filtering,False,True,45.4,,,,,
2026-03-09T13:10:01.771767+00:00,mitre_atlas,,"Adversaries may search for publicly available research and technical documentation to learn how and where AI is used within a victim organization.
The adversary can use this information to identify targets for attack, or to tailor an existing attack to make it more effective.
Organizations often use open source model architectures trained on additional proprietary data in production.
Knowledge of this underlying architecture allows the adversary to craft more realistic proxy models ({{ create_in",generic,other,,HIGH,,,,minimal,0.0,0.0,unknown,False,False,24.0,AML.T0000,Search Open Technical Databases,,technique,
2026-03-09T13:10:01.771767+00:00,mitre_atlas,,"Many of the publications accepted at premier artificial intelligence conferences and journals come from commercial labs.
Some journals and conferences are open access, others may require paying for access or a membership.
These publications will often describe in detail all aspects of a particular approach for reproducibility.
This information can be used by adversaries to implement the paper.",generic,other,,HIGH,,,,minimal,0.0,0.0,unknown,False,False,24.0,AML.T0000.000,Journals and Conference Proceedings,,technique,
2026-03-09T13:10:01.771767+00:00,mitre_atlas,,"Pre-Print repositories, such as arXiv, contain the latest academic research papers that haven't been peer reviewed.
They may contain research notes, or technical reports that aren't typically published in journals or conference proceedings.
Pre-print repositories also serve as a central location to share papers that have been accepted to journals.
Searching pre-print repositories  provide adversaries with a relatively up-to-date view of what researchers in the victim organization are working on.",generic,other,,HIGH,,,,minimal,0.0,0.0,unknown,False,False,24.0,AML.T0000.001,Pre-Print Repositories,,technique,
2026-03-09T13:10:01.771767+00:00,mitre_atlas,,"Research labs at academic institutions and company R&D divisions often have blogs that highlight their use of artificial intelligence and its application to the organization's unique problems.
Individual researchers also frequently document their work in blogposts.
An adversary may search for posts made by the target victim organization or its employees.
In comparison to {{ create_internal_link(victim_research_journals) }} and {{ create_internal_link(victim_research_preprint) }} this material wi",generic,other,,HIGH,,,,minimal,0.0,0.0,unknown,False,False,24.0,AML.T0000.002,Technical Blogs,,technique,
2026-03-09T13:10:01.771767+00:00,mitre_atlas,,"Much like the {{ create_internal_link(victim_research) }}, there is often ample research available on the vulnerabilities of common AI models. Once a target has been identified, an adversary will likely try to identify any pre-existing work that has been done for this class of models.
This will include not only reading academic papers that may identify the particulars of a successful attack, but also identifying pre-existing implementations of those attacks. The adversary may obtain {{ create_in",generic,other,,HIGH,,,,minimal,0.0,0.0,unknown,False,False,24.0,AML.T0001,Search Open AI Vulnerability Analysis,,technique,
2026-03-09T13:10:01.771767+00:00,mitre_atlas,,"Adversaries may search websites owned by the victim for information that can be used during targeting.
Victim-owned websites may contain technical details about their AI-enabled products or services.
Victim-owned websites may contain a variety of details, including names of departments/divisions, physical locations, and data about key employees such as names, roles, and contact info.
These sites may also have details highlighting business operations and relationships.

Adversaries may search vic",generic,other,,HIGH,,,,minimal,0.0,0.0,unknown,False,False,24.0,AML.T0003,Search Victim-Owned Websites,,technique,
2026-03-09T13:10:01.771767+00:00,mitre_atlas,,"Adversaries may search open application repositories during targeting.
Examples of these include Google Play, the iOS App store, the macOS App Store, and the Microsoft Store.

Adversaries may craft search queries seeking applications that contain AI-enabled components.
Frequently, the next step is to {{ create_internal_link(acquire_ml_artifacts) }}.",generic,other,,HIGH,,,,minimal,0.0,0.0,unknown,False,False,24.0,AML.T0004,Search Application Repositories,,technique,
2026-03-09T13:10:01.771767+00:00,mitre_atlas,,"An adversary may probe or scan the victim system to gather information for targeting. This is distinct from other reconnaissance techniques that do not involve direct interaction with the victim system.

Adversaries may scan for open ports on a potential victim's network, which can indicate specific services or tools the victim is utilizing. This could include a scan for tools related to AI DevOps or AI services themselves such as public AI chat agents (ex: [Copilot Studio Hunter](https://github",generic,other,,HIGH,,,,minimal,0.0,0.0,unknown,False,False,24.0,AML.T0006,Active Scanning,,technique,
2026-03-09T13:10:01.771767+00:00,mitre_atlas,,"Adversaries may search public sources, including cloud storage, public-facing services, and software or data repositories, to identify AI artifacts.
These AI artifacts may include the software stack used to train and deploy models, training and testing data, model configurations and parameters.
An adversary will be particularly interested in artifacts hosted by or associated with the victim organization as they may represent what that organization uses in a production environment.
Adversaries ma",generic,other,,HIGH,,,,minimal,0.0,0.0,unknown,False,False,24.0,AML.T0002,Acquire Public AI Artifacts,,technique,
2026-03-09T13:10:01.771767+00:00,mitre_atlas,,"Adversaries may collect public datasets to use in their operations.
Datasets used by the victim organization or datasets that are representative of the data used by the victim organization may be valuable to adversaries.
Datasets can be stored in cloud storage, or on victim-owned websites.
Some datasets require the adversary to {{ create_internal_link(establish_accounts) }} for access.

Acquired datasets help the adversary advance their operations, stage attacks,  and tailor attacks to the victi",generic,other,,HIGH,,,,minimal,0.0,0.0,unknown,False,False,24.0,AML.T0002.000,Datasets,,technique,
2026-03-09T13:10:01.771767+00:00,mitre_atlas,,"Adversaries may acquire public models to use in their operations.
Adversaries may seek models used by the victim organization or models that are representative of those used by the victim organization.
Representative models may include model architectures, or pre-trained models which define the architecture as well as model parameters from training on a dataset.
The adversary may search public sources for common model architecture configuration file formats such as YAML or Python configuration f",generic,other,,HIGH,,,,minimal,0.0,0.0,unknown,False,False,24.0,AML.T0002.001,Models,,technique,
2026-03-09T13:10:01.771767+00:00,mitre_atlas,,"Adversaries may search for and obtain software capabilities for use in their operations.
Capabilities may be specific to AI-based attacks {{ create_internal_link(obtain_advml) }} or generic software tools repurposed for malicious intent ({{ create_internal_link(obtain_tool) }}). In both instances, an adversary may modify or customize the capability to aid in targeting a particular AI-enabled system.",generic,other,,HIGH,,,,minimal,0.0,0.0,unknown,False,False,24.0,AML.T0016,Obtain Capabilities,,technique,
2026-03-09T13:10:01.771767+00:00,mitre_atlas,,"Adversaries may search for existing open source implementations of AI attacks. The research community often publishes their code for reproducibility and to further future research. Libraries intended for research purposes, such as CleverHans, the Adversarial Robustness Toolbox, and FoolBox, can be weaponized by an adversary. Adversaries may also obtain and use tools that were not originally designed for adversarial AI attacks as part of their attack.",generic,other,,HIGH,,,,minimal,0.0,0.0,unknown,False,False,24.0,AML.T0016.000,Adversarial AI Attack Implementations,,technique,
2026-03-09T13:10:01.771767+00:00,mitre_atlas,,"Adversaries may search for and obtain software tools to support their operations.
Software designed for legitimate use may be repurposed by an adversary for malicious intent.
An adversary may modify or customize software tools to achieve their purpose.
Software tools used to support attacks on AI systems are not necessarily AI-based themselves.",generic,other,,HIGH,,,,minimal,0.0,0.0,unknown,False,False,24.0,AML.T0016.001,Software Tools,,technique,
2026-03-09T13:10:01.771767+00:00,mitre_atlas,,"Adversaries may develop their own capabilities to support operations. This process encompasses identifying requirements, building solutions, and deploying capabilities. Capabilities used to support attacks on AI-enabled systems are not necessarily AI-based themselves. Examples include setting up websites with adversarial information or creating Jupyter notebooks with obfuscated exfiltration code.",generic,other,,HIGH,,,,minimal,0.0,0.0,unknown,False,False,24.0,AML.T0017,Develop Capabilities,,technique,
2026-03-09T13:10:01.771767+00:00,mitre_atlas,,"Adversaries may develop their own adversarial attacks.
They may leverage existing libraries as a starting point ({{ create_internal_link(obtain_advml) }}).
They may implement ideas described in public research papers or develop custom made attacks for the victim model.
",generic,other,,HIGH,,,,minimal,0.0,0.0,unknown,False,False,24.0,AML.T0017.000,Adversarial AI Attacks,,technique,
2026-03-09T13:10:01.771767+00:00,mitre_atlas,,"Adversaries may buy, lease, or rent infrastructure for use throughout their operation.
A wide variety of infrastructure exists for hosting and orchestrating adversary operations.
Infrastructure solutions include physical or cloud servers, domains, mobile devices, and third-party web services.
Free resources may also be used, but they are typically limited.
Infrastructure can also include physical components such as countermeasures that degrade or disrupt AI components or sensors, including print",generic,other,,HIGH,,,,minimal,0.0,0.0,unknown,False,False,24.0,AML.T0008,Acquire Infrastructure,,technique,
2026-03-09T13:10:01.771767+00:00,mitre_atlas,,"Developing and staging AI attacks often requires expensive compute resources.
Adversaries may need access to one or many GPUs in order to develop an attack.
They may try to anonymously use free resources such as Google Colaboratory, or cloud resources such as AWS, Azure, or Google Cloud as an efficient way to stand up temporary resources to conduct operations.
Multiple workspaces may be used to avoid detection.",generic,other,,HIGH,,,,minimal,0.0,0.0,unknown,False,False,24.0,AML.T0008.000,AI Development Workspaces,,technique,
2026-03-09T13:10:01.771767+00:00,mitre_atlas,,"Adversaries may acquire consumer hardware to conduct their attacks.
Owning the hardware provides the adversary with complete control of the environment. These devices can be hard to trace.
",generic,other,,HIGH,,,,minimal,0.0,0.0,unknown,False,False,24.0,AML.T0008.001,Consumer Hardware,,technique,
2026-03-09T13:10:01.771767+00:00,mitre_atlas,,"Adversaries may {{ create_internal_link(poison_data) }} and publish it to a public location.
The poisoned dataset may be a novel dataset or a poisoned variant of an existing open source dataset.
This data may be introduced to a victim system via {{ create_internal_link(supply_chain) }}.
",generic,other,,HIGH,,,,minimal,0.0,0.0,unknown,False,False,24.0,AML.T0019,Publish Poisoned Datasets,,technique,
2026-03-09T13:10:01.771767+00:00,mitre_atlas,,"Adversaries may gain initial access to a system by compromising the unique portions of the AI supply chain.
This could include {{ create_internal_link(supply_chain_gpu) }}, {{ create_internal_link(supply_chain_data) }} and its annotations, parts of the AI {{ create_internal_link(supply_chain_software) }} stack, or the {{ create_internal_link(supply_chain_model) }} itself.
In some instances the attacker will need secondary access to fully carry out an attack using compromised components of the su",generic,other,,HIGH,,,,minimal,0.0,0.0,unknown,False,False,24.0,AML.T0010,AI Supply Chain Compromise,,technique,
2026-03-09T13:10:01.771767+00:00,mitre_atlas,,"Adversaries may target AI systems by disrupting or manipulating the hardware supply chain. AI models often run on specialized hardware such as GPUs, TPUs, or embedded devices, but may also be optimized to operate on CPUs.",generic,other,,HIGH,,,,minimal,0.0,0.0,unknown,False,False,24.0,AML.T0010.000,Hardware,,technique,
2026-03-09T13:10:01.771767+00:00,mitre_atlas,,"Adversaries may target software packages that are commonly used in AI-enabled systems or are part of the AI DevOps lifecycle. This can include deep learning frameworks used to build AI models (e.g. PyTorch, TensorFlow, Jax), generative AI integration frameworks (e.g. LangChain, LangFlow), inference engines, AI DevOps tools, and Model Context Protocol servers, which give AI agents access to tools and data resources. They may also target the dependency chains of any of these software packages [\[1",generic,other,,HIGH,,,,minimal,0.0,0.0,unknown,False,False,24.0,AML.T0010.001,AI Software,,technique,
2026-03-09T13:10:01.771767+00:00,mitre_atlas,,"Data is a key vector of supply chain compromise for adversaries.
Every AI project will require some form of data.
Many rely on large open source datasets that are publicly available.
An adversary could rely on compromising these sources of data.
The malicious data could be a result of {{ create_internal_link(poison_data) }} or include traditional malware.

An adversary can also target private datasets in the labeling phase.
The creation of private datasets will often require the hiring of outsid",generic,other,,HIGH,,,,minimal,0.0,0.0,unknown,False,False,24.0,AML.T0010.002,Data,,technique,
2026-03-09T13:10:01.771767+00:00,mitre_atlas,,"AI-enabled systems often rely on open sourced models in various ways.
Most commonly, the victim organization may be using these models for fine tuning.
These models will be downloaded from an external source and then used as the base for the model as it is tuned on a smaller, private dataset.
Loading models often requires executing some saved code in the form of a saved model file.
These can be compromised with traditional malware, or through some adversarial AI techniques.",generic,other,,HIGH,,,,minimal,0.0,0.0,unknown,False,False,24.0,AML.T0010.003,Model,,technique,
2026-03-09T13:10:01.771767+00:00,mitre_atlas,,"Adversaries may gain access to a model via legitimate access to the inference API.
Inference API access can be a source of information to the adversary ({{ create_internal_link(discover_model_ontology) }}, {{ create_internal_link(discover_model_family) }}), a means of staging the attack ({{ create_internal_link(verify_attack) }}, {{ create_internal_link(craft_adv) }}), or for introducing data to the target system for Impact ({{ create_internal_link(evade_model) }}, {{ create_internal_link(erode_",generic,other,,HIGH,,,,minimal,0.0,0.0,unknown,False,False,24.0,AML.T0040,AI Model Inference API Access,,technique,
2026-03-09T13:10:01.771767+00:00,mitre_atlas,,"Adversaries may use a product or service that uses artificial intelligence under the hood to gain access to the underlying AI model.
This type of indirect model access may reveal details of the AI model or its inferences in logs or metadata.",generic,other,,HIGH,,,,minimal,0.0,0.0,unknown,False,False,24.0,AML.T0047,AI-Enabled Product or Service,,technique,
2026-03-09T13:10:01.771767+00:00,mitre_atlas,,"In addition to the attacks that take place purely in the digital domain, adversaries may also exploit the physical environment for their attacks.
If the model is interacting with data collected from the real world in some way, the adversary can influence the model through access to wherever the data is being collected.
By modifying the data in the collection process, the adversary can perform modified versions of attacks designed for digital access.
",generic,other,,HIGH,,,,minimal,0.0,0.0,unknown,False,False,24.0,AML.T0041,Physical Environment Access,,technique,
2026-03-09T13:10:01.771767+00:00,mitre_atlas,,"Adversaries may gain full ""white-box"" access to an AI model.
This means the adversary has complete knowledge of the model architecture, its parameters, and class ontology.
They may exfiltrate the model to {{ create_internal_link(craft_adv) }} and {{ create_internal_link(verify_attack) }} in an offline where it is hard to detect their behavior.",generic,other,,HIGH,,,,minimal,0.0,0.0,unknown,False,False,24.0,AML.T0044,Full AI Model Access,,technique,
2026-03-09T13:10:01.771767+00:00,mitre_atlas,,"Adversaries may discover the ontology of an AI model's output space, for example, the types of objects a model can detect.
The adversary may discovery the ontology by repeated queries to the model, forcing it to enumerate its output space.
Or the ontology may be discovered in a configuration file or in documentation about the model.

The model ontology helps the adversary understand how the model is being used by the victim.
It is useful to the adversary in creating targeted attacks.",generic,other,,HIGH,,,,minimal,0.0,0.0,unknown,False,False,24.0,AML.T0013,Discover AI Model Ontology,,technique,
2026-03-09T13:10:01.771767+00:00,mitre_atlas,,"Adversaries may discover the general family of model.
General information about the model may be revealed in documentation, or the adversary may use carefully constructed examples and analyze the model's responses to categorize it.

Knowledge of the model family can help the adversary identify means of attacking the model and help tailor the attack.
",generic,other,,HIGH,,,,minimal,0.0,0.0,unknown,False,False,24.0,AML.T0014,Discover AI Model Family,,technique,
2026-03-09T13:10:01.771767+00:00,mitre_atlas,,"Adversaries may attempt to poison datasets used by an AI model by modifying the underlying data or its labels.
This allows the adversary to embed vulnerabilities in AI models trained on the data that may not be easily detectable.
Data poisoning attacks may or may not require modifying the labels.
The embedded vulnerability is activated at a later time by data samples with an {{ create_internal_link(craft_adv_trigger) }}

Poisoned data can be introduced via {{ create_internal_link(supply_chain) }",generic,other,,HIGH,,,,minimal,0.0,0.0,unknown,False,False,24.0,AML.T0020,Poison Training Data,,technique,
2026-03-09T13:10:01.771767+00:00,mitre_atlas,,"Adversaries may create accounts with various services for use in targeting, to gain access to resources needed in {{ create_internal_link(ml_attack_staging) }}, or for victim impersonation.
",generic,other,,HIGH,,,,minimal,0.0,0.0,unknown,False,False,24.0,AML.T0021,Establish Accounts,,technique,
2026-03-09T13:10:01.771767+00:00,mitre_atlas,,"Adversaries may obtain models to serve as proxies for the target model in use at the victim organization.
Proxy models are used to simulate complete access to the target model in a fully offline manner.

Adversaries may train models from representative datasets, attempt to replicate models from victim inference APIs, or use available pre-trained models.
",generic,other,,HIGH,,,,minimal,0.0,0.0,unknown,False,False,24.0,AML.T0005,Create Proxy AI Model,,technique,
2026-03-09T13:10:01.771767+00:00,mitre_atlas,,"Proxy models may be trained from AI artifacts (such as data, model architectures, and pre-trained models) that are representative of the target model gathered by the adversary.
This can be used to develop attacks that require higher levels of access than the adversary has available or as a means to validate pre-existing attacks without interacting with the target model.",generic,other,,HIGH,,,,minimal,0.0,0.0,unknown,False,False,24.0,AML.T0005.000,Train Proxy via Gathered AI Artifacts,,technique,
2026-03-09T13:10:01.771767+00:00,mitre_atlas,,"Adversaries may replicate a private model.
By repeatedly querying the victim's {{ create_internal_link(inference_api) }}, the adversary can collect the target model's inferences into a dataset.
The inferences are used as labels for training a separate model offline that will mimic the behavior and performance of the target model.

A replicated model that closely mimic's the target model is a valuable resource in staging the attack.
The adversary can use the replicated model to {{ create_internal",generic,other,,HIGH,,,,minimal,0.0,0.0,unknown,False,False,24.0,AML.T0005.001,Train Proxy via Replication,,technique,
2026-03-09T13:10:01.771767+00:00,mitre_atlas,,"Adversaries may use an off-the-shelf pre-trained model as a proxy for the victim model to aid in staging the attack.
",generic,other,,HIGH,,,,minimal,0.0,0.0,unknown,False,False,24.0,AML.T0005.002,Use Pre-Trained Model,,technique,
2026-03-09T13:10:01.771767+00:00,mitre_atlas,,"Adversaries may search private sources to identify AI learning artifacts that exist on the system and gather information about them.
These artifacts can include the software stack used to train and deploy models, training and testing data management systems, container registries, software repositories, and model zoos.

This information can be used to identify targets for further collection, exfiltration, or disruption, and to tailor and improve attacks.",generic,other,,HIGH,,,,minimal,0.0,0.0,unknown,False,False,24.0,AML.T0007,Discover AI Artifacts,,technique,
2026-03-09T13:10:01.771767+00:00,mitre_atlas,,"An adversary may rely upon specific actions by a user in order to gain execution.
Users may inadvertently execute unsafe code introduced via {{ create_internal_link(supply_chain) }}.
Users may be subjected to social engineering to get them to execute malicious code by, for example, opening a malicious document file or link.
",generic,other,,HIGH,,,,minimal,0.0,0.0,unknown,False,False,24.0,AML.T0011,User Execution,,technique,
2026-03-09T13:10:01.771767+00:00,mitre_atlas,,"Adversaries may develop unsafe AI artifacts that when executed have a deleterious effect.
The adversary can use this technique to establish persistent access to systems.
These models may be introduced via a {{ create_internal_link(supply_chain) }}.

Serialization of models is a popular technique for model storage, transfer, and loading.
However, this format without proper checking presents an opportunity for code execution.",generic,other,,HIGH,,,,minimal,0.0,0.0,unknown,False,False,24.0,AML.T0011.000,Unsafe AI Artifacts,,technique,
2026-03-09T13:10:01.771767+00:00,mitre_atlas,,"Adversaries may obtain and abuse credentials of existing accounts as a means of gaining Initial Access.
Credentials may take the form of usernames and passwords of individual user accounts or API keys that provide access to various AI resources and services.

Compromised credentials may provide access to additional AI artifacts and allow the adversary to perform {{ create_internal_link(discover_ml_artifacts) }}.
Compromised credentials may also grant an adversary increased privileges such as wri",generic,other,,HIGH,,,,minimal,0.0,0.0,unknown,False,False,24.0,AML.T0012,Valid Accounts,,technique,
2026-03-09T13:10:01.771767+00:00,mitre_atlas,,"Adversaries can {{ create_internal_link(craft_adv) }} that prevents an AI model from correctly identifying the contents of the data or {{ create_internal_link(gen_deepfake) }} that fools an AI model expecting authentic data.

This technique can be used to evade a downstream task where AI is utilized. The adversary may evade AI-based virus/malware detection or network scanning towards the goal of a traditional cyber attack. AI model evasion through deepfake generation may also provide initial acc",generic,other,,HIGH,,,,minimal,0.0,0.0,unknown,False,False,24.0,AML.T0015,Evade AI Model,,technique,
2026-03-09T13:10:01.771767+00:00,mitre_atlas,,"Adversaries may directly manipulate an AI model to change its behavior or introduce malicious code. Manipulating a model gives the adversary a persistent change in the system. This can include poisoning the model by changing its weights, modifying the model architecture to change its behavior, and embedding malware which may be executed when the model is loaded.",generic,other,,HIGH,,,,minimal,0.0,0.0,unknown,False,False,24.0,AML.T0018,Manipulate AI Model,,technique,
2026-03-09T13:10:01.771767+00:00,mitre_atlas,,"Adversaries may manipulate an AI model's weights to change it's behavior or performance, resulting in a poisoned model.
Adversaries may poison a model by directly manipulating its weights, training the model on poisoned data, further fine-tuning the model, or otherwise interfering with its training process. 

The change in behavior of poisoned models may be limited to targeted categories in predictive AI models, or targeted topics, concepts, or facts in generative AI models, or aim for a general",generic,other,,HIGH,,,,minimal,0.0,0.0,unknown,False,False,24.0,AML.T0018.000,Poison AI Model,,technique,
2026-03-09T13:10:01.771767+00:00,mitre_atlas,,"Adversaries may directly modify an AI model's architecture to re-define it's behavior. This can include adding or removing layers as well as adding pre or post-processing operations.

The effects could include removing the ability to predict certain classes, adding erroneous operations to increase computation costs, or degrading performance. Additionally, a separate adversary-defined network could be injected into the computation graph, which can change the behavior based on the inputs, effectiv",generic,other,,HIGH,,,,minimal,0.0,0.0,unknown,False,False,24.0,AML.T0018.001,Modify AI Model Architecture,,technique,
2026-03-09T13:10:01.771767+00:00,mitre_atlas,,"Adversaries may exfiltrate private information via {{ create_internal_link(inference_api) }}.
AI Models have been shown leak private information about their training data (e.g.  {{ create_internal_link(membership_inference) }}, {{ create_internal_link(model_inversion) }}).
The model itself may also be extracted ({{ create_internal_link(extract_model) }}) for the purposes of {{ create_internal_link(ip_theft) }}.

Exfiltration of information relating to private training data raises privacy concern",generic,other,,HIGH,,,,minimal,0.0,0.0,unknown,False,False,24.0,AML.T0024,Exfiltration via AI Inference API,,technique,
2026-03-09T13:10:01.771767+00:00,mitre_atlas,,"Adversaries may infer the membership of a data sample or global characteristics of the data in its training set, which raises privacy concerns.
Some strategies make use of a shadow model that could be obtained via {{ create_internal_link(replicate_model) }}, others use statistics of model prediction scores.

This can cause the victim model to leak private information, such as PII of those in the training set or other forms of protected IP.",generic,other,,HIGH,,,,minimal,0.0,0.0,unknown,False,False,24.0,AML.T0024.000,Infer Training Data Membership,,technique,
2026-03-09T13:10:01.771767+00:00,mitre_atlas,,"AI models' training data could be reconstructed by exploiting the confidence scores that are available via an inference API.
By querying the inference API strategically, adversaries can back out potentially private information embedded within the training data.
This could lead to privacy violations if the attacker can reconstruct the data of sensitive features used in the algorithm.",generic,other,,HIGH,,,,minimal,0.0,0.0,unknown,False,False,24.0,AML.T0024.001,Invert AI Model,,technique,
2026-03-09T13:10:01.771767+00:00,mitre_atlas,,"Adversaries may extract a functional copy of a private model.
By repeatedly querying the victim's {{ create_internal_link(inference_api) }}, the adversary can collect the target model's inferences into a dataset.
The inferences are used as labels for training a separate model offline that will mimic the behavior and performance of the target model.

Adversaries may extract the model to avoid paying per query in an artificial-intelligence-as-a-service (AIaaS) setting.
Model extraction is used for",generic,other,,HIGH,,,,minimal,0.0,0.0,unknown,False,False,24.0,AML.T0024.002,Extract AI Model,,technique,
2026-03-09T13:10:01.771767+00:00,mitre_atlas,,"Adversaries may exfiltrate AI artifacts or other information relevant to their goals via traditional cyber means.

See the ATT&CK [Exfiltration](https://attack.mitre.org/tactics/TA0010/) tactic for more information.",generic,other,,HIGH,,,,minimal,0.0,0.0,unknown,False,False,24.0,AML.T0025,Exfiltration via Cyber Means,,technique,
2026-03-09T13:10:01.771767+00:00,mitre_atlas,,"Adversaries may target AI-enabled systems with a flood of requests for the purpose of degrading or shutting down the service.
Since many AI systems require significant amounts of specialized compute, they are often expensive bottlenecks that can become overloaded.
Adversaries can intentionally craft inputs that require heavy amounts of useless compute from the AI system.",generic,other,,HIGH,,,,minimal,0.0,0.0,unknown,False,False,24.0,AML.T0029,Denial of AI Service,,technique,
2026-03-09T13:10:01.771767+00:00,mitre_atlas,,"Adversaries may spam the AI system with chaff data that causes increase in the number of detections.
This can cause analysts at the victim organization to waste time reviewing and correcting incorrect inferences.

Adversaries may also spam AI agents with excessive low-severity auditable events or agentic actions that require a human-in-the-loop, wasting time for the victim organization in human review of the agentic AI system.",generic,other,,HIGH,,,,minimal,0.0,0.0,unknown,False,False,24.0,AML.T0046,Spamming AI System with Chaff Data,,technique,
2026-03-09T13:10:01.771767+00:00,mitre_atlas,,"Adversaries may degrade the target model's performance with adversarial data inputs to erode confidence in the system over time.
This can lead to the victim organization wasting time and money both attempting to fix the system and performing the tasks it was meant to automate by hand.
",generic,other,,HIGH,,,,minimal,0.0,0.0,unknown,False,False,24.0,AML.T0031,Erode AI Model Integrity,,technique,
2026-03-09T13:10:01.771767+00:00,mitre_atlas,,"Adversaries may target different AI services to send useless queries or computationally expensive inputs to increase the cost of running services at the victim organization.
Sponge examples are a particular type of adversarial data designed to maximize energy consumption and thus operating cost.",generic,other,,HIGH,,,,minimal,0.0,0.0,unknown,False,False,24.0,AML.T0034,Cost Harvesting,,technique,
2026-03-09T13:10:01.771767+00:00,mitre_atlas,,"Adversaries may collect AI artifacts for {{ create_internal_link(exfiltration) }} or for use in {{ create_internal_link(ml_attack_staging) }}.
AI artifacts include models and datasets as well as other telemetry data produced when interacting with a model.",generic,other,,HIGH,,,,minimal,0.0,0.0,unknown,False,False,24.0,AML.T0035,AI Artifact Collection,,technique,
2026-03-09T13:10:01.771767+00:00,mitre_atlas,,"Adversaries may leverage information repositories to mine valuable information.
Information repositories are tools that allow for storage of information, typically to facilitate collaboration or information sharing between users, and can store a wide variety of data that may aid adversaries in further objectives, or direct access to the target information.

Information stored in a repository may vary based on the specific instance or environment.
Specific common information repositories include ",generic,other,,HIGH,,,,minimal,0.0,0.0,unknown,False,False,24.0,AML.T0036,Data from Information Repositories,,technique,
2026-03-09T13:10:01.771767+00:00,mitre_atlas,,"Adversaries may search local system sources, such as file systems and configuration files or local databases, to find files of interest and sensitive data prior to Exfiltration.

This can include basic fingerprinting information and sensitive data such as ssh keys.
",generic,other,,HIGH,,,,minimal,0.0,0.0,unknown,False,False,24.0,AML.T0037,Data from Local System,,technique,
2026-03-09T13:10:01.771767+00:00,mitre_atlas,,"Adversaries can verify the efficacy of their attack via an inference API or access to an offline copy of the target model.
This gives the adversary confidence that their approach works and allows them to carry out the attack at a later time of their choosing.
The adversary may verify the attack once but use it against many edge devices running copies of the target model.
The adversary may verify their attack digitally, then deploy it in the {{ create_internal_link(physical_env) }} at a later tim",generic,other,,HIGH,,,,minimal,0.0,0.0,unknown,False,False,24.0,AML.T0042,Verify Attack,,technique,
2026-03-09T13:10:01.771767+00:00,mitre_atlas,,"Adversarial data are inputs to an AI model that have been modified such that they cause the adversary's desired effect in the target model.
Effects can range from misclassification, to missed detections, to maximizing energy consumption.
Typically, the modification is constrained in magnitude or location so that a human still perceives the data as if it were unmodified, but human perceptibility may not always be a concern depending on the adversary's intended effect.
For example, an adversarial ",generic,other,,HIGH,,,,minimal,0.0,0.0,unknown,False,False,24.0,AML.T0043,Craft Adversarial Data,,technique,
2026-03-09T13:10:01.771767+00:00,mitre_atlas,,"In White-Box Optimization, the adversary has full access to the target model and optimizes the adversarial example directly.
Adversarial examples trained in this manner are most effective against the target model.
",generic,other,,HIGH,,,,minimal,0.0,0.0,unknown,False,False,24.0,AML.T0043.000,White-Box Optimization,,technique,
2026-03-09T13:10:01.771767+00:00,mitre_atlas,,"In Black-Box attacks, the adversary has black-box (i.e. {{ create_internal_link(inference_api) }} via API access) access to the target model.
With black-box attacks, the adversary may be using an API that the victim is monitoring.
These attacks are generally less effective and require more inferences than {{ create_internal_link(craft_adv_whitebox) }} attacks, but they require much less access.
",generic,other,,HIGH,,,,minimal,0.0,0.0,unknown,False,False,24.0,AML.T0043.001,Black-Box Optimization,,technique,
2026-03-09T13:10:01.771767+00:00,mitre_atlas,,"In Black-Box Transfer attacks, the adversary uses one or more proxy models (trained via {{ create_internal_link(train_proxy_model) }} or {{ create_internal_link(replicate_model) }}) they have full access to and are representative of the target model.
The adversary uses {{ create_internal_link(craft_adv_whitebox) }} on the proxy models to generate adversarial examples.
If the set of proxy models are close enough to the target model, the adversarial example should generalize from one to another.
T",generic,other,,HIGH,,,,minimal,0.0,0.0,unknown,False,False,24.0,AML.T0043.002,Black-Box Transfer,,technique,
2026-03-09T13:10:01.771767+00:00,mitre_atlas,,"Adversaries may manually modify the input data to craft adversarial data.
They may use their knowledge of the target model to modify parts of the data they suspect helps the model in performing its task.
The adversary may use trial and error until they are able to verify they have a working adversarial input.
",generic,other,,HIGH,,,,minimal,0.0,0.0,unknown,False,False,24.0,AML.T0043.003,Manual Modification,,technique,
2026-03-09T13:10:01.771767+00:00,mitre_atlas,,"The adversary may add a perceptual trigger into inference data.
The trigger may be imperceptible or non-obvious to humans.
This technique is used in conjunction with {{ create_internal_link(poison_model) }} and allows the adversary to produce their desired effect in the target model.
",generic,other,,HIGH,,,,minimal,0.0,0.0,unknown,False,False,24.0,AML.T0043.004,Insert Backdoor Trigger,,technique,
2026-03-09T13:10:01.771767+00:00,mitre_atlas,,"Adversaries may abuse their access to a victim system and use its resources or capabilities to further their goals by causing harms external to that system.
These harms could affect the organization (e.g. Financial Harm, Reputational Harm), its users (e.g. User Harm), or the general public (e.g. Societal Harm).
",generic,other,,HIGH,,,,minimal,0.0,0.0,unknown,False,False,24.0,AML.T0048,External Harms,,technique,
2026-03-09T13:10:01.771767+00:00,mitre_atlas,,"Financial harm involves the loss of wealth, property, or other monetary assets due to theft, fraud or forgery, or pressure to provide financial resources to the adversary.
",generic,other,,HIGH,,,,minimal,0.0,0.0,unknown,False,False,24.0,AML.T0048.000,Financial Harm,,technique,
2026-03-09T13:10:01.771767+00:00,mitre_atlas,,"Reputational harm involves a degradation of public perception and trust in organizations.  Examples of reputation-harming incidents include scandals or false impersonations.
",generic,other,,HIGH,,,,minimal,0.0,0.0,unknown,False,False,24.0,AML.T0048.001,Reputational Harm,,technique,
2026-03-09T13:10:01.771767+00:00,mitre_atlas,,"Societal harms might generate harmful outcomes that reach either the general public or specific vulnerable groups such as the exposure of children to vulgar content.
",generic,other,,HIGH,,,,minimal,0.0,0.0,unknown,False,False,24.0,AML.T0048.002,Societal Harm,,technique,
2026-03-09T13:10:01.771767+00:00,mitre_atlas,,"User harms may encompass a variety of harm types including financial and reputational that are directed at or felt by individual victims of the attack rather than at the organization level.
",generic,other,,HIGH,,,,minimal,0.0,0.0,unknown,False,False,24.0,AML.T0048.003,User Harm,,technique,
2026-03-09T13:10:01.771767+00:00,mitre_atlas,,"Adversaries may exfiltrate AI artifacts to steal intellectual property and cause economic harm to the victim organization.

Proprietary training data is costly to collect and annotate and may be a target for {{ create_internal_link(exfiltration) }} and theft.

AIaaS providers charge for use of their API.
An adversary who has stolen a model via {{ create_internal_link(exfiltration) }} or via {{ create_internal_link(extract_model) }} now has unlimited use of that service without paying the owner o",generic,other,,HIGH,,,,minimal,0.0,0.0,unknown,False,False,24.0,AML.T0048.004,AI Intellectual Property Theft,,technique,
2026-03-09T13:10:01.771767+00:00,mitre_atlas,,"Adversaries may attempt to take advantage of a weakness in an Internet-facing computer or program using software, data, or commands in order to cause unintended or unanticipated behavior. The weakness in the system can be a bug, a glitch, or a design vulnerability. These applications are often websites, but can include databases (like SQL), standard services (like SMB or SSH), network device administration and management protocols (like SNMP and Smart Install), and any other applications with In",generic,other,,HIGH,,,,minimal,0.0,0.0,unknown,False,False,24.0,AML.T0049,Exploit Public-Facing Application,,technique,
2026-03-09T13:10:01.771767+00:00,mitre_atlas,,"Adversaries may abuse command and script interpreters to execute commands, scripts, or binaries. These interfaces and languages provide ways of interacting with computer systems and are a common feature across many different platforms. Most systems come with some built-in command-line interface and scripting capabilities, for example, macOS and Linux distributions include some flavor of Unix Shell while Windows installations include the Windows Command Shell and PowerShell.

There are also cross",generic,other,,HIGH,,,,minimal,0.0,0.0,unknown,False,False,24.0,AML.T0050,Command and Scripting Interpreter,,technique,
2026-03-09T13:10:01.771767+00:00,mitre_atlas,,"An adversary may craft malicious prompts as inputs to an LLM that cause the LLM to act in unintended ways.
These ""prompt injections"" are often designed to cause the model to ignore aspects of its original instructions and follow the adversary's instructions instead.

Prompt Injections can be an initial access vector to the LLM that provides the adversary with a foothold to carry out other steps in their operation.
They may be designed to bypass defenses in the LLM, or allow the adversary to issu",generic,other,,HIGH,,,,minimal,0.0,0.0,unknown,False,False,24.0,AML.T0051,LLM Prompt Injection,,technique,
2026-03-09T13:10:01.771767+00:00,mitre_atlas,,"An adversary may inject prompts directly as a user of the LLM. This type of injection may be used by the adversary to gain a foothold in the system or to misuse the LLM itself, as for example to generate harmful content.
",generic,other,,HIGH,,,,minimal,0.0,0.0,unknown,False,False,24.0,AML.T0051.000,Direct,,technique,
2026-03-09T13:10:01.771767+00:00,mitre_atlas,,"An adversary may inject prompts indirectly via separate data channel ingested by the LLM such as include text or multimedia pulled from databases or websites.
These malicious prompts may be hidden or obfuscated from the user. This type of injection may be used by the adversary to gain a foothold in the system or to target an unwitting user of the system.
",generic,other,,HIGH,,,,minimal,0.0,0.0,unknown,False,False,24.0,AML.T0051.001,Indirect,,technique,
2026-03-09T13:10:01.771767+00:00,mitre_atlas,,"Adversaries may send phishing messages to gain access to victim systems. All forms of phishing are electronically delivered social engineering. Phishing can be targeted, known as spearphishing. In spearphishing, a specific individual, company, or industry will be targeted by the adversary. More generally, adversaries can conduct non-targeted phishing, such as in mass malware spam campaigns.

Generative AI, including LLMs that generate synthetic text, visual deepfakes of faces, and audio deepfake",generic,other,,HIGH,,,,minimal,0.0,0.0,unknown,False,False,24.0,AML.T0052,Phishing,,technique,
2026-03-09T13:10:01.771767+00:00,mitre_atlas,,"Adversaries may turn LLMs into targeted social engineers.
LLMs are capable of interacting with users via text conversations.
They can be instructed by an adversary to seek sensitive information from a user and act as effective social engineers.
They can be targeted towards particular personas defined by the adversary.
This allows adversaries to scale spearphishing efforts and target individuals to reveal private information such as credentials to privileged systems.
",generic,other,,HIGH,,,,minimal,0.0,0.0,unknown,False,False,24.0,AML.T0052.000,Spearphishing via Social Engineering LLM,,technique,
2026-03-09T13:10:01.771767+00:00,mitre_atlas,,"Adversaries may use their access to an AI agent to invoke tools the agent has access to. LLMs are often connected to other services or resources via tools to increase their capabilities. Tools may include integrations with other applications, access to public or private data sources, and the ability to execute code.

This may allow adversaries to execute API calls to integrated applications or services, providing the adversary with increased privileges on the system. Adversaries may take advanta",generic,other,,HIGH,,,,minimal,0.0,0.0,unknown,False,False,24.0,AML.T0053,AI Agent Tool Invocation,,technique,
2026-03-09T13:10:01.771767+00:00,mitre_atlas,,"An adversary may use a carefully crafted {{ create_internal_link(llm_prompt_injection) }} designed to place LLM in a state in which it will freely respond to any user input, bypassing any controls, restrictions, or guardrails placed on the LLM.
Once successfully jailbroken, the LLM can be used in unintended ways by the adversary.
",generic,other,,HIGH,,,,minimal,0.0,0.0,unknown,False,False,24.0,AML.T0054,LLM Jailbreak,,technique,
2026-03-09T13:10:01.771767+00:00,mitre_atlas,,"Adversaries may search compromised systems to find and obtain insecurely stored credentials.
These credentials can be stored and/or misplaced in many locations on a system, including plaintext files (e.g. bash history), environment variables, operating system, or application-specific repositories (e.g. Credentials in Registry), or other specialized files/artifacts (e.g. private keys).
",generic,other,,HIGH,,,,minimal,0.0,0.0,unknown,False,False,24.0,AML.T0055,Unsecured Credentials,,technique,
2026-03-09T13:10:01.771767+00:00,mitre_atlas,,"Adversaries may attempt to extract a large language model's (LLM) system prompt. This can be done via prompt injection to induce the model to reveal its own system prompt or may be extracted from a configuration file.

System prompts can be a portion of an AI provider's competitive advantage and are thus valuable intellectual property that may be targeted by adversaries.",generic,other,,HIGH,,,,minimal,0.0,0.0,unknown,False,False,24.0,AML.T0056,Extract LLM System Prompt,,technique,
2026-03-09T13:10:01.771767+00:00,mitre_atlas,,"Adversaries may craft prompts that induce the LLM to leak sensitive information.
This can include private user data or proprietary information.
The leaked information may come from proprietary training data, data sources the LLM is connected to, or information from other users of the LLM.
",generic,other,,HIGH,,,,minimal,0.0,0.0,unknown,False,False,24.0,AML.T0057,LLM Data Leakage,,technique,
2026-03-09T13:10:01.771767+00:00,mitre_atlas,,Adversaries may publish a poisoned model to a public location such as a model registry or code repository. The poisoned model may be a novel model or a poisoned variant of an existing open-source model. This model may be introduced to a victim system via {{ create_internal_link(supply_chain) }}.,generic,other,,HIGH,,,,minimal,0.0,0.0,unknown,False,False,24.0,AML.T0058,Publish Poisoned Models,,technique,
2026-03-09T13:10:01.771767+00:00,mitre_atlas,,"Adversaries may poison or manipulate portions of a dataset to reduce its usefulness, reduce trust, and cause users to waste resources correcting errors.",generic,other,,HIGH,,,,minimal,0.0,0.0,unknown,False,False,24.0,AML.T0059,Erode Dataset Integrity,,technique,
2026-03-09T13:10:01.771767+00:00,mitre_atlas,,"Adversaries may develop malicious software packages that when imported by a user have a deleterious effect.
Malicious packages may behave as expected to the user. They may be introduced via {{ create_internal_link(supply_chain) }}. They may not present as obviously malicious to the user and may appear to be useful for an AI-related task.",generic,other,,HIGH,,,,minimal,0.0,0.0,unknown,False,False,24.0,AML.T0011.001,Malicious Package,,technique,
2026-03-09T13:10:01.771767+00:00,mitre_atlas,,"Adversaries may create an entity they control, such as a software package, website, or email address to a source hallucinated by an LLM. The hallucinations may take the form of package names commands, URLs, company names, or email addresses that point the victim to the entity controlled by the adversary. When the victim interacts with the adversary-controlled entity, the attack can proceed.",generic,other,,HIGH,,,,minimal,0.0,0.0,unknown,False,False,24.0,AML.T0060,Publish Hallucinated Entities,,technique,
2026-03-09T13:10:01.771767+00:00,mitre_atlas,,"An adversary may use a carefully crafted {{ create_internal_link(llm_prompt_injection) }} designed to cause the LLM to replicate the prompt as part of its output. This allows the prompt to propagate to other LLMs and persist on the system. The self-replicating prompt is typically paired with other malicious instructions (ex: {{ create_internal_link(llm_jailbreak) }}, {{ create_internal_link(llm_data_leakage) }}).",generic,other,,HIGH,,,,minimal,0.0,0.0,unknown,False,False,24.0,AML.T0061,LLM Prompt Self-Replication,,technique,
2026-03-09T13:10:01.771767+00:00,mitre_atlas,,"Adversaries may prompt large language models and identify hallucinated entities.
They may request software packages, commands, URLs, organization names, or e-mail addresses, and identify hallucinations with no connected real-world source. Discovered hallucinations provide the adversary with potential targets to {{ create_internal_link(publish_hallucinated_entities) }}. Different LLMs have been shown to produce the same hallucinations, so the hallucinations exploited by an adversary may affect us",generic,other,,HIGH,,,,minimal,0.0,0.0,unknown,False,False,24.0,AML.T0062,Discover LLM Hallucinations,,technique,
2026-03-09T13:10:01.771767+00:00,mitre_atlas,,"Adversaries may acquire domains that can be used during targeting. Domain names are the human readable names used to represent one or more IP addresses. They can be purchased or, in some cases, acquired for free.

Adversaries may use acquired domains for a variety of purposes (see [ATT&CK](https://attack.mitre.org/techniques/T1583/001/)). Large AI datasets are often distributed as a list of URLs to individual datapoints. Adversaries may acquire expired domains that are included in these datasets",generic,other,,HIGH,,,,minimal,0.0,0.0,unknown,False,False,24.0,AML.T0008.002,Domains,,technique,
2026-03-09T13:10:01.771767+00:00,mitre_atlas,,"Adversaries may acquire or manufacture physical countermeasures to aid or support their attack.

These components may be used to disrupt or degrade the model, such as adversarial patterns printed on stickers or T-shirts, disguises, or decoys. They may also be used to disrupt or degrade the sensors used in capturing data, such as laser pointers, light bulbs, or other tools.",generic,other,,HIGH,,,,minimal,0.0,0.0,unknown,False,False,24.0,AML.T0008.003,Physical Countermeasures,,technique,
2026-03-09T13:10:01.771767+00:00,mitre_atlas,,"Adversaries may discover model outputs, such as class scores, whose presence is not required for the system to function and are not intended for use by the end user. Model outputs may be found in logs or may be included in API responses.
Model outputs may enable the adversary to identify weaknesses in the model and develop attacks.",generic,other,,HIGH,,,,minimal,0.0,0.0,unknown,False,False,24.0,AML.T0063,Discover AI Model Outputs,,technique,
2026-03-09T13:10:01.771767+00:00,mitre_atlas,,"Adversaries may search for and obtain generative AI models or tools, such as large language models (LLMs), to assist them in various steps of their operation. Generative AI can be used in a variety of malicious ways, such as to generating malware, to {{ create_internal_link(gen_deepfake) }}, to {{ create_internal_link(gen_commands) }}, for {{ create_internal_link(content_crafting) }}, or to generate {{ create_internal_link(phishing) }} content.

Adversaries may obtain open source models and serv",generic,other,,HIGH,,,,minimal,0.0,0.0,unknown,False,False,24.0,AML.T0016.002,Generative AI,,technique,
2026-03-09T13:10:01.771767+00:00,mitre_atlas,,"Adversaries may identify data sources used in retrieval augmented generation (RAG) systems for targeting purposes. By pinpointing these sources, attackers can focus on poisoning or otherwise manipulating the external data repositories the AI relies on.

RAG-indexed data may be identified in public documentation about the system, or by interacting with the system directly and observing any indications of or references to external data sources.",generic,other,,HIGH,,,,minimal,0.0,0.0,unknown,False,False,24.0,AML.T0064,Gather RAG-Indexed Targets,,technique,
2026-03-09T13:10:01.771767+00:00,mitre_atlas,,"Adversaries may use their acquired knowledge of the target generative AI system to craft prompts that bypass its defenses and allow malicious instructions to be executed.

The adversary may iterate on the prompt to ensure that it works as-intended consistently.",generic,other,,HIGH,,,,minimal,0.0,0.0,unknown,False,False,24.0,AML.T0065,LLM Prompt Crafting,,technique,
2026-03-09T13:10:01.771767+00:00,mitre_atlas,,"Adversaries may write content designed to be retrieved by user queries and influence a user of the system in some way. This abuses the trust the user has in the system.

The crafted content can be combined with a prompt injection. It can also stand alone in a separate document or email. The adversary must get the crafted content into the victim\u0027s database, such as a vector database used in a retrieval augmented generation (RAG) system. This may be accomplished via cyber access, or by abusin",generic,other,,HIGH,,,,minimal,0.0,0.0,unknown,False,False,24.0,AML.T0066,Retrieval Content Crafting,,technique,
2026-03-09T13:10:01.771767+00:00,mitre_atlas,,"Adversaries may utilize prompts to a large language model (LLM) which manipulate various components of its response in order to make it appear trustworthy to the user. This helps the adversary continue to operate in the victim's environment and evade detection by the users it interacts with.

The LLM may be instructed to tailor its language to appear more trustworthy to the user or attempt to manipulate the user to take certain actions. Other response components that could be manipulated include",generic,other,,HIGH,,,,minimal,0.0,0.0,unknown,False,False,24.0,AML.T0067,LLM Trusted Output Components Manipulation,,technique,
2026-03-09T13:10:01.771767+00:00,mitre_atlas,,"Adversaries may hide or otherwise obfuscate prompt injections or retrieval content to avoid detection from humans, large language model (LLM) guardrails, or other detection mechanisms.

For text inputs, this may include modifying how the instructions are rendered such as small text, text colored the same as the background, or hidden HTML elements. For multi-modal inputs, malicious instructions could be hidden in the data itself (e.g. in the pixels of an image) or in file metadata (e.g. EXIF for ",generic,other,,HIGH,,,,minimal,0.0,0.0,unknown,False,False,24.0,AML.T0068,LLM Prompt Obfuscation,,technique,
2026-03-09T13:10:01.771767+00:00,mitre_atlas,,"The adversary is trying to discover something about the large language model's (LLM) system information. This may be found in a configuration file containing the system instructions or extracted via interactions with the LLM. The desired information may include the full system prompt, special characters that have significance to the LLM or keywords indicating functionality available to the LLM. Information about how the LLM is instructed can be used by the adversary to understand the system's ca",generic,other,,HIGH,,,,minimal,0.0,0.0,unknown,False,False,24.0,AML.T0069,Discover LLM System Information,,technique,
2026-03-09T13:10:01.771767+00:00,mitre_atlas,,"Adversaries may discover delimiters and special characters sets used by the large language model. For example, delimiters used in retrieval augmented generation applications to differentiate between context and user prompts. These can later be exploited to confuse or manipulate the large language model into misbehaving.",generic,other,,HIGH,,,,minimal,0.0,0.0,unknown,False,False,24.0,AML.T0069.000,Special Character Sets,,technique,
2026-03-09T13:10:01.771767+00:00,mitre_atlas,,"Adversaries may discover keywords that have special meaning to the large language model (LLM), such as function names or object names. These can later be exploited to confuse or manipulate the LLM into misbehaving and to make calls to plugins the LLM has access to.",generic,other,,HIGH,,,,minimal,0.0,0.0,unknown,False,False,24.0,AML.T0069.001,System Instruction Keywords,,technique,
2026-03-09T13:10:01.771767+00:00,mitre_atlas,,Adversaries may discover a large language model's system instructions provided by the AI system builder to learn about the system's capabilities and circumvent its guardrails.,generic,other,,HIGH,,,,minimal,0.0,0.0,unknown,False,False,24.0,AML.T0069.002,System Prompt,,technique,
2026-03-09T13:10:01.771767+00:00,mitre_atlas,,"Adversaries may inject malicious content into data indexed by a retrieval augmented generation (RAG) system to contaminate a future thread through RAG-based search results. This may be accomplished by placing manipulated documents in a location the RAG indexes (see {{ create_internal_link(gather_rag_targets) }}).

The content may be targeted such that it would always surface as a search result for a specific user query. The adversary's content may include false or misleading information. It may ",generic,other,,HIGH,,,,minimal,0.0,0.0,unknown,False,False,24.0,AML.T0070,RAG Poisoning,,technique,
2026-03-09T13:10:01.771767+00:00,mitre_atlas,,"Adversaries may introduce false entries into a victim's retrieval augmented generation (RAG) database. Content designed to be interpreted as a document by the large language model (LLM) used in the RAG system is included in a data source being ingested into the RAG database. When RAG entry including the false document is retrieved, the LLM is tricked into treating part of the retrieved content as a false RAG result. 

By including a false RAG document inside of a regular RAG entry, it bypasses d",generic,other,,HIGH,,,,minimal,0.0,0.0,unknown,False,False,24.0,AML.T0071,False RAG Entry Injection,,technique,
2026-03-09T13:10:01.771767+00:00,mitre_atlas,,"Adversaries may manipulate the citations provided in an AI system's response, in order to make it appear trustworthy. Variants include citing a providing the wrong citation, making up a new citation, or providing the right citation but for adversary-provided data.",generic,other,,HIGH,,,,minimal,0.0,0.0,unknown,False,False,24.0,AML.T0067.000,Citations,,technique,
2026-03-09T13:10:01.771767+00:00,mitre_atlas,,"Adversaries may embed malicious code into AI Model files.
AI models may be packaged as a combination of instructions and weights.
Some formats such as pickle files are unsafe to deserialize because they can contain unsafe calls such as exec.
Models with embedded malware may still operate as expected.
It may allow them to achieve Execution, Command & Control, or Exfiltrate Data.",generic,other,,HIGH,,,,minimal,0.0,0.0,unknown,False,False,24.0,AML.T0018.002,Embed Malware,,technique,
2026-03-09T13:10:01.771767+00:00,mitre_atlas,,"An adversary may compromise a victim's container registry by pushing a manipulated container image and overwriting an existing container name and/or tag. Users of the container registry as well as automated CI/CD pipelines may pull the adversary's container image, compromising their AI Supply Chain. This can affect development and deployment environments.

Container images may include AI models, so the compromised image could have an AI model which was manipulated by the adversary (See {{ create",generic,other,,HIGH,,,,minimal,0.0,0.0,unknown,False,False,24.0,AML.T0010.004,Container Registry,,technique,
2026-03-09T13:10:01.771767+00:00,mitre_atlas,,"Adversaries may utilize a reverse shell to communicate and control the victim system.

Typically, a user uses a client to connect to a remote machine which is listening for connections. With a reverse shell, the adversary is listening for incoming connections initiated from the victim system.",generic,other,,HIGH,,,,minimal,0.0,0.0,unknown,False,False,24.0,AML.T0072,Reverse Shell,,technique,
2026-03-09T13:10:01.771767+00:00,mitre_atlas,,"Adversaries may impersonate a trusted person or organization in order to persuade and trick a target into performing some action on their behalf. For example, adversaries may communicate with victims (via {{ create_internal_link(phishing) }}, or {{ create_internal_link(llm_phishing) }}) while impersonating a known sender such as an executive, colleague, or third-party vendor. Established trust can then be leveraged to accomplish an adversary's ultimate goals, possibly against multiple victims.

",generic,other,,HIGH,,,,minimal,0.0,0.0,unknown,False,False,24.0,AML.T0073,Impersonation,,technique,
2026-03-09T13:10:01.771767+00:00,mitre_atlas,,"Adversaries may attempt to manipulate features of their artifacts to make them appear legitimate or benign to users and/or security tools. Masquerading occurs when the name or location of an object, legitimate or malicious, is manipulated or abused for the sake of evading defenses and observation. This may include manipulating file metadata, tricking users into misidentifying the file type, and giving legitimate task or service names.",generic,other,,HIGH,,,,minimal,0.0,0.0,unknown,False,False,24.0,AML.T0074,Masquerading,,technique,
2026-03-09T13:10:01.771767+00:00,mitre_atlas,,"Adversaries may attempt to enumerate the cloud services running on a system after gaining access. These methods can differ from platform-as-a-service (PaaS), to infrastructure-as-a-service (IaaS), software-as-a-service (SaaS), or AI-as-a-service (AIaaS). Many services exist throughout the various cloud providers and can include Continuous Integration and Continuous Delivery (CI/CD), Lambda Functions, Entra ID, AI Inference, Generative AI, Agentic AI, etc. They may also include security services,",generic,other,,HIGH,,,,minimal,0.0,0.0,unknown,False,False,24.0,AML.T0075,Cloud Service Discovery,,technique,
2026-03-09T13:10:01.771767+00:00,mitre_atlas,,An adversary may purposefully corrupt a malicious AI model file so that it cannot be successfully deserialized in order to evade detection by a model scanner. The corrupt model may still successfully execute malicious code before deserialization fails.,generic,other,,HIGH,,,,minimal,0.0,0.0,unknown,False,False,24.0,AML.T0076,Corrupt AI Model,,technique,
2026-03-09T13:10:01.771767+00:00,mitre_atlas,,"An adversary may get a large language model (LLM) to respond with private information that is hidden from the user when the response is rendered by the user's client. The private information is then exfiltrated. This can take the form of rendered images, which automatically make a request to an adversary controlled server. 

The adversary gets AI to present an image to the user, which is rendered by the user's client application with no user clicks required. The image is hosted on an attacker-co",generic,other,,HIGH,,,,minimal,0.0,0.0,unknown,False,False,24.0,AML.T0077,LLM Response Rendering,,technique,
2026-03-09T13:10:01.771767+00:00,mitre_atlas,,"Adversaries may purchase and configure serverless cloud infrastructure, such as Cloudflare Workers, AWS Lambda functions, or Google Apps Scripts, that can be used during targeting. By utilizing serverless infrastructure, adversaries can make it more difficult to attribute infrastructure used during operations back to them.

Once acquired, the serverless runtime environment can be leveraged to either respond directly to infected machines or to Proxy traffic to an adversary-owned command and contr",generic,other,,HIGH,,,,minimal,0.0,0.0,unknown,False,False,24.0,AML.T0008.004,Serverless,,technique,
2026-03-09T13:10:01.771767+00:00,mitre_atlas,,"Adversaries may gain access to an AI system through a user visiting a website over the normal course of browsing, or an AI agent retrieving information from the web on behalf of a user. Websites can contain an {{ create_internal_link(llm_prompt_injection) }} which, when executed, can change the behavior of the AI model.

The same approach may be used to deliver other types of malicious code that don't target AI directly (See [Drive-by Compromise in ATT&CK](https://attack.mitre.org/techniques/T11",generic,other,,HIGH,,,,minimal,0.0,0.0,unknown,False,False,24.0,AML.T0078,Drive-by Compromise,,technique,
2026-03-09T13:10:01.771767+00:00,mitre_atlas,,"Adversaries may upload, install, or otherwise set up capabilities that can be used during targeting. To support their operations, an adversary may need to take capabilities they developed ({{ create_internal_link(develop_capabilities) }}) or obtained ({{ create_internal_link(obtain_cap) }}) and stage them on infrastructure under their control. These capabilities may be staged on infrastructure that was previously purchased/rented by the adversary ({{ create_internal_link(acquire_infra) }}) or wa",generic,other,,HIGH,,,,minimal,0.0,0.0,unknown,False,False,24.0,AML.T0079,Stage Capabilities,,technique,
2026-03-09T13:10:01.771767+00:00,mitre_atlas,,"Adversaries may attempt to manipulate the context used by an AI agent's large language model (LLM) to influence the responses it generates or actions it takes. This allows an adversary to persistently change the behavior of the target agent and further their goals.

Context poisoning can be accomplished by prompting the an LLM to add instructions or preferences to memory (See {{ create_internal_link(llm_memory_poisoning) }}) or by simply prompting an LLM that uses prior messages in a thread as p",generic,other,,HIGH,,,,minimal,0.0,0.0,unknown,False,False,24.0,AML.T0080,AI Agent Context Poisoning,,technique,
2026-03-09T13:10:01.771767+00:00,mitre_atlas,,"Adversaries may manipulate the memory of a large language model (LLM) in order to persist changes to the LLM to future chat sessions. 

Memory is a common feature in LLMs that allows them to remember information across chat sessions by utilizing a user-specific database. Because the memory is controlled via normal conversations with the user (e.g. ""remember my preference for ..."") an adversary can inject memories via Direct or Indirect Prompt Injection. Memories may contain malicious instruction",generic,other,,HIGH,,,,minimal,0.0,0.0,unknown,False,False,24.0,AML.T0080.000,Memory,,technique,
2026-03-09T13:10:01.771767+00:00,mitre_atlas,,"Adversaries may introduce malicious instructions into a chat thread of a large language model (LLM) to cause behavior changes which persist for the remainder of the thread. A chat thread may continue for an extended period over multiple sessions.

The malicious instructions may be introduced via Direct or Indirect Prompt Injection. Direct Injection may occur in cases where the adversary has acquired a user's LLM API keys and can inject queries directly into any thread.

As the token limits for L",generic,other,,HIGH,,,,minimal,0.0,0.0,unknown,False,False,24.0,AML.T0080.001,Thread,,technique,
2026-03-09T13:10:01.771767+00:00,mitre_atlas,,"Adversaries may modify the configuration files for AI agents on a system. This allows malicious changes to persist beyond the life of a single agent and affects any agents that share the configuration.

Configuration changes may include modifications to the system prompt, tampering with or replacing knowledge sources, modification to settings of connected tools, and more. Through those changes, an attacker could redirect outputs or tools to malicious services, embed covert instructions that exfi",generic,other,,HIGH,,,,minimal,0.0,0.0,unknown,False,False,24.0,AML.T0081,Modify AI Agent Configuration,,technique,
2026-03-09T13:10:01.771767+00:00,mitre_atlas,,"Adversaries may attempt to use their access to a large language model (LLM) on the victim's system to collect credentials. Credentials may be stored in internal documents which can inadvertently be ingested into a RAG database, where they can ultimately be retrieved by an AI agent.",generic,other,,HIGH,,,,minimal,0.0,0.0,unknown,False,False,24.0,AML.T0082,RAG Credential Harvesting,,technique,
2026-03-09T13:10:01.771767+00:00,mitre_atlas,,"Adversaries may access the credentials of other tools or services on a system from the configuration of an AI agent.

AI Agents often utilize external tools or services to take actions, such as querying databases, invoking APIs, or interacting with cloud resources. To enable these functions, credentials like API keys, tokens, and connection strings are frequently stored in configuration files. While there are secure methods such as dedicated secret managers or encrypted vaults that can be deploy",generic,other,,HIGH,,,,minimal,0.0,0.0,unknown,False,False,24.0,AML.T0083,Credentials from AI Agent Configuration,,technique,
2026-03-09T13:10:01.771767+00:00,mitre_atlas,,"Adversaries may attempt to discover configuration information for AI agents present on the victim's system. Agent configurations can include tools or services they have access to.

Adversaries may directly access agent configuring dashboards or configuration files. They may also obtain configuration details by prompting the agent with questions such as ""What tools do you have access to?""

Adversaries can use the information they discover about AI agents to help with targeting.",generic,other,,HIGH,,,,minimal,0.0,0.0,unknown,False,False,24.0,AML.T0084,Discover AI Agent Configuration,,technique,
2026-03-09T13:10:01.771767+00:00,mitre_atlas,,"Adversaries may attempt to discover the data sources a particular agent can access.  The AI agent's configuration may reveal data sources or knowledge.

The embedded knowledge may include sensitive or proprietary material such as intellectual property, customer data, internal policies, or even credentials. By mapping what knowledge an agent has access to, an adversary can better understand the AI agent's role and potentially expose confidential information or pinpoint high-value targets for furt",generic,other,,HIGH,,,,minimal,0.0,0.0,unknown,False,False,24.0,AML.T0084.000,Embedded Knowledge,,technique,
2026-03-09T13:10:01.771767+00:00,mitre_atlas,,"Adversaries may discover the tools the AI agent has access to. By identifying which tools are available, the adversary can understand what actions may be executed through the agent and what additional resources it can reach. This knowledge may reveal access to external data sources such as OneDrive or SharePoint, or expose exfiltration paths like the ability to send emails, helping adversaries identify AI agents that provide the greatest value or opportunity for attack.",generic,other,,HIGH,,,,minimal,0.0,0.0,unknown,False,False,24.0,AML.T0084.001,Tool Definitions,,technique,
2026-03-09T13:10:01.771767+00:00,mitre_atlas,,"Adversaries may discover keywords or other triggers (such as incoming emails, documents being added, incoming message, or other workflows) that activate an agent and may cause it to run additional actions.

Understanding these triggers can reveal how the AI agent is activated and controlled. This may also expose additional paths for compromise, as an adversary could attempt to trigger the agent from outside its environment and drive it to perform unintended or malicious actions.",generic,other,,HIGH,,,,minimal,0.0,0.0,unknown,False,False,24.0,AML.T0084.002,Activation Triggers,,technique,
2026-03-09T13:10:01.771767+00:00,mitre_atlas,,"Adversaries may use their access to a victim organization's AI-enabled services to collect proprietary or otherwise sensitive information. As organizations adopt generative AI in centralized services for accessing an organization's data, such as with chat agents which can access retrieval augmented generation (RAG) databases and other data sources via tools, they become increasingly valuable targets for adversaries.

AI agents may be configured to have access to tools and data sources that are n",generic,other,,HIGH,,,,minimal,0.0,0.0,unknown,False,False,24.0,AML.T0085,Data from AI Services,,technique,
2026-03-09T13:10:01.771767+00:00,mitre_atlas,,Adversaries may prompt the AI service to retrieve data from a RAG database. This can include the majority of an organization's internal documents.,generic,other,,HIGH,,,,minimal,0.0,0.0,unknown,False,False,24.0,AML.T0085.000,RAG Databases,,technique,
2026-03-09T13:10:01.771767+00:00,mitre_atlas,,Adversaries may prompt the AI service to invoke various tools the agent has access to. Tools may retrieve data from different APIs or services in an organization.,generic,other,,HIGH,,,,minimal,0.0,0.0,unknown,False,False,24.0,AML.T0085.001,AI Agent Tools,,technique,
2026-03-09T13:10:01.771767+00:00,mitre_atlas,,"Adversaries may use prompts to invoke an agent's tool capable of performing write operations to exfiltrate data. Sensitive information can be encoded into the tool's input parameters and transmitted as part of a seemingly legitimate action. Variants include sending emails, creating or modifying documents, updating CRM records, or even generating media such as images or videos.",generic,other,,HIGH,,,,minimal,0.0,0.0,unknown,False,False,24.0,AML.T0086,Exfiltration via AI Agent Tool Invocation,,technique,
2026-03-09T13:10:01.771767+00:00,mitre_atlas,,"Adversaries may gather information about the victim's identity that can be used during targeting. Information about identities may include a variety of details, including personal data (ex: employee names, email addresses, photos, etc.) as well as sensitive details such as credentials or multi-factor authentication (MFA) configurations.

Adversaries may gather this information in various ways, such as direct elicitation, {{ create_internal_link(victim_website) }}, or via leaked information on th",generic,other,,HIGH,,,,minimal,0.0,0.0,unknown,False,False,24.0,AML.T0087,Gather Victim Identity Information,,technique,
2026-03-09T13:10:01.771767+00:00,mitre_atlas,,"Adversaries may use generative artificial intelligence (GenAI) to create synthetic media (i.e. imagery, video, audio, and text) that appear authentic. These ""[deepfakes]( https://en.wikipedia.org/wiki/Deepfake)"" may mimic a real person or depict fictional personas. Adversaries may use deepfakes for impersonation to conduct {{ create_internal_link(phishing) }} or to evade AI applications such as biometric identity verification systems (see {{ create_internal_link(evade_model) }}).

Manipulation o",generic,other,,HIGH,,,,minimal,0.0,0.0,unknown,False,False,24.0,AML.T0088,Generate Deepfakes,,technique,
2026-03-09T13:10:01.771767+00:00,mitre_atlas,,"Adversaries may attempt to get information about processes running on a system. Once obtained, this information could be used to gain an understanding of common AI-related software/applications running on systems within the network. Administrator or otherwise elevated access may provide better process details.

Identifying the AI software stack can then lead an adversary to new targets and attack pathways. AI-related software may require application tokens to authenticate with backend services. ",generic,other,,HIGH,,,,minimal,0.0,0.0,unknown,False,False,24.0,AML.T0089,Process Discovery,,technique,
2026-03-09T13:10:01.771767+00:00,mitre_atlas,,"Adversaries may extract credentials from OS caches, application memory, or other sources on a compromised system. Credentials are often in the form of a hash or clear text, and can include usernames and passwords, application tokens, or other authentication keys.

Credentials can be used to perform {{ create_internal_link(lateral_movement) }} to access other AI services such as AI agents, LLMs, or AI inference APIs. Credentials could also give an adversary access to other software tools and data",generic,other,,HIGH,,,,minimal,0.0,0.0,unknown,False,False,24.0,AML.T0090,OS Credential Dumping,,technique,
2026-03-09T13:10:01.771767+00:00,mitre_atlas,,"Adversaries may use alternate authentication material, such as password hashes, Kerberos tickets, and application access tokens, in order to move laterally within an environment and bypass normal system access controls.

AI services commonly use alternate authentication material as a primary means for users to make queries, making them vulnerable to this technique.",generic,other,,HIGH,,,,minimal,0.0,0.0,unknown,False,False,24.0,AML.T0091,Use Alternate Authentication Material,,technique,
2026-03-09T13:10:01.771767+00:00,mitre_atlas,,"Adversaries may manipulate a user's large language model (LLM) chat history to cover the tracks of their malicious behavior. They may hide persistent changes they have made to the LLM's behavior, or obscure their attempts at discovering private information about the user.

To do so, adversaries may delete or edit existing messages or create new threads as part of their coverup. This is feasible if the adversary has the victim's authentication tokens for the backend LLM service or if they have di",generic,other,,HIGH,,,,minimal,0.0,0.0,unknown,False,False,24.0,AML.T0092,Manipulate User LLM Chat History,,technique,
2026-03-09T13:10:01.771767+00:00,mitre_atlas,,"Adversaries may use stolen application access tokens to bypass the typical authentication process and access restricted accounts, information, or services on remote systems. These tokens are typically stolen from users or services and used in lieu of login credentials.

Application access tokens are used to make authorized API requests on behalf of a user or service and are commonly used to access resources in cloud, container-based applications, software-as-a-service (SaaS), and AI-as-a-service",generic,other,,HIGH,,,,minimal,0.0,0.0,unknown,False,False,24.0,AML.T0091.000,Application Access Token,,technique,
2026-03-09T13:10:01.771767+00:00,mitre_atlas,,"An adversary may introduce malicious prompts into the victim's system via a public-facing application with the intention of it being ingested by an AI at some point in the future and ultimately having a downstream effect. This may occur when a data source is indexed by a retrieval augmented generation (RAG) system, when a rule triggers an action by an AI agent, or when a user utilizes a large language model (LLM) to interact with the malicious content. The malicious prompts may persist on the vi",generic,other,,HIGH,,,,minimal,0.0,0.0,unknown,False,False,24.0,AML.T0093,Prompt Infiltration via Public-Facing Application,,technique,
2026-03-09T13:10:01.771767+00:00,mitre_atlas,,"Adversaries may include instructions to be followed by the AI system in response to a future event, such as a specific keyword or the next interaction, in order to evade detection or bypass controls placed on the AI system.

For example, an adversary may include ""If the user submits a new request..."" followed by the malicious instructions as part of their prompt.

AI agents can include security measures against prompt injections that prevent the invocation of particular tools or access to certai",generic,other,,HIGH,,,,minimal,0.0,0.0,unknown,False,False,24.0,AML.T0094,Delay Execution of LLM Instructions,,technique,
2026-03-09T13:10:01.771767+00:00,mitre_atlas,,"An adversary may trigger a prompt injection via a user action or event that occurs within the victim's environment. Triggered prompt injections often target AI agents, which can be activated by means the adversary identifies during {{ create_internal_link(discovery) }} (See {{ create_internal_link(agent_activation_triggers) }}). These malicious prompts may be hidden or obfuscated from the user and may already exist somewhere in the victim's environment from the adversary performing {{ create_int",generic,other,,HIGH,,,,minimal,0.0,0.0,unknown,False,False,24.0,AML.T0051.002,Triggered,,technique,
2026-03-09T13:10:01.771767+00:00,mitre_atlas,,"Adversaries may search public websites and/or domains for information about victims that can be used during targeting. Information about victims may be available in various online sites, such as social media, new sites, or domains owned by the victim.

Adversaries may find the information they seek to gather via search engines. They can use precise search queries to identify software platforms or services used by the victim to use in targeting. This may be followed by {{ create_internal_link(exp",generic,other,,HIGH,,,,minimal,0.0,0.0,unknown,False,False,24.0,AML.T0095,Search Open Websites/Domains,,technique,
2026-03-09T13:10:01.771767+00:00,mitre_atlas,,"Adversaries may communicate using the API of an AI service on the victim's system. The adversary's commands to the victim system, and often the results, are embedded in the normal traffic of the AI service.

An AI service API command and control channel is covert because the adversary's commands blend in with normal communications, so an adversary may use this technique to avoid detection. Using existing infrastructure on the victim's system allows the adversary to live off the land, further red",generic,other,,HIGH,,,,minimal,0.0,0.0,unknown,False,False,24.0,AML.T0096,AI Service API,,technique,
2026-03-09T13:10:01.771767+00:00,mitre_atlas,,"Adversaries may employ various means to detect and avoid virtualization and analysis environments. This may include changing behaviors based on the results of checks for the presence of artifacts indicative of a virtual machine environment (VME) or sandbox. If the adversary detects a VME, they may alter their malware to disengage from the victim or conceal the core functions of the implant. They may also search for VME artifacts before dropping secondary or additional payloads.

Adversaries may ",generic,other,,HIGH,,,,minimal,0.0,0.0,unknown,False,False,24.0,AML.T0097,Virtualization/Sandbox Evasion,,technique,
2026-03-09T13:10:01.771767+00:00,mitre_atlas,,"Adversaries may attempt to use their access to an AI agent on the victim's system to retrieve data from available agent tools to collect credentials. Agent tools may connect to a wide range of sources that may contain credentials including document stores (e.g. SharePoint, OneDrive or Google Drive), code repositories (e.g. GitHub or GitLab), or enterprise productivity tools (e.g. as email providers or Slack), and local notetaking tools (e.g. Obsidian or Apple Notes).",generic,other,,HIGH,,,,minimal,0.0,0.0,unknown,False,False,24.0,AML.T0098,AI Agent Tool Credential Harvesting,,technique,
2026-03-09T13:10:01.771767+00:00,mitre_atlas,,"Adversaries may place malicious content on a victim's system where it can be retrieved by an AI Agent Tool. This may be accomplished by placing documents in a location that will be ingested by a service the AI agent has associated tools for.

The content may be targeted such that it would often be retrieved by common queries. The adversary's content may include false or misleading information. It may also include prompt injections with malicious instructions.",generic,other,,HIGH,,,,minimal,0.0,0.0,unknown,False,False,24.0,AML.T0099,AI Agent Tool Data Poisoning,,technique,
2026-03-09T13:10:01.771767+00:00,mitre_atlas,,"Adversaries may craft deceptive web content designed to bait Computer-Using AI agents or AI web browsers into taking unintended actions, such as clicking buttons, copying code, or navigating to specific web pages. These attacks exploit the agent's interpretation of UI content, visual cues, or prompt-like language embedded in the site. When successful, they can lead the agent to inadvertently copy and execute malicious code on the user's operating system.",generic,other,,HIGH,,,,minimal,0.0,0.0,unknown,False,False,24.0,AML.T0100,AI Agent Clickbait,,technique,
2026-03-09T13:10:01.771767+00:00,mitre_atlas,,"Adversaries may invoke an AI agent's tool capable of performing mutative operations to perform Data Destruction. Adversaries may destroy data and files on specific systems or in large numbers on a network to interrupt availability to systems, services, and network resources.",generic,other,,HIGH,,,,minimal,0.0,0.0,unknown,False,False,24.0,AML.T0101,Data Destruction via AI Agent Tool Invocation,,technique,
2026-03-09T13:10:01.771767+00:00,mitre_atlas,,"Adversaries may use large language models (LLMs) to dynamically generate malicious commands from natural language. Dynamically generated commands may be harder detect as the attack signature is constantly changing. AI-generated commands may also allow adversaries to more rapidly adapt to different environments and adjust their tactics.

Adversaries may utilize LLMs present in the victim's environment or call out to externally hosted services. [APT28](https://attack.mitre.org/groups/G0007) utiliz",generic,other,,HIGH,,,,minimal,0.0,0.0,unknown,False,False,24.0,AML.T0102,Generate Malicious Commands,,technique,
2026-03-09T13:10:01.771767+00:00,mitre_atlas,,"Adversaries may launch AI agents in the victim's environment to execute actions on their behalf. AI agents may have access to a wide range of tools and data sources, as well as permissions to access and interact with other services and systems in the victim's environment. The adversary may leverage these capabilities to carry out their operations.

Adversaries may configure the AI agent by providing an initial system prompt and granting access to tools, effectively defining their goals for the a",generic,other,,HIGH,,,,minimal,0.0,0.0,unknown,False,False,24.0,AML.T0103,Deploy AI Agent,,technique,
2026-03-09T13:10:01.771767+00:00,mitre_atlas,,"Adversaries may create and publish poisoned AI agent tools. Poisoned tools may contain an {{ create_internal_link(llm_prompt_injection) }}, which can lead to a variety of impacts.

Tools may be published to open source version control repositories (e.g. GitHub, GitLab), to package registries (e.g. npm), or to repositories specifically designed for sharing tools (e.g. OpenClaw Hub). These registries may be largely unregulated and may contain many poisoned tools [\[1\]][1].

[1]: https://opensourc",generic,other,,HIGH,,,,minimal,0.0,0.0,unknown,False,False,24.0,AML.T0104,Publish Poisoned AI Agent Tool,,technique,
2026-03-09T13:10:01.771767+00:00,mitre_atlas,,"A victim may invoke a poisoned tool when interacting with their AI agent. A poisoned tool may execute an {{ create_internal_link(llm_prompt_injection) }} or perform {{ create_internal_link(llm_plugin_compromise) }}.

Poisoned AI agent tools may be introduced into the victim's environment via {{ create_internal_link(supply_chain_software) }}, or the user may configure their agent to connect to remote tools.",generic,other,,HIGH,,,,minimal,0.0,0.0,unknown,False,False,24.0,AML.T0011.002,Poisoned AI Agent Tool,,technique,
2026-03-09T13:10:01.771767+00:00,mitre_atlas,,An adversary may rely upon a user clicking a malicious link in order to gain execution. Users may be subjected to social engineering to get them to click on a link that will lead to code execution. This user action will typically be observed as follow-on behavior from Spearphishing Link. Clicking on a link may also lead to other execution techniques such as exploitation of a browser or application vulnerability via Exploitation for Client Execution. Links may also lead users to download files th,generic,other,,HIGH,,,,minimal,0.0,0.0,unknown,False,False,24.0,AML.T0011.003,Malicious Link,,technique,
2026-03-09T13:10:01.771767+00:00,mitre_atlas,,"Adversaries may break out of a container or virtualized environment to gain access to the underlying host. This can allow an adversary access to other containerized or virtualized resources from the host level or to the host itself. In principle, containerized / virtualized resources should provide a clear separation of application functionality and be isolated from the host environment.

There are many ways an adversary may escape from a container or sandbox environment via AI Systems. For exam",generic,other,,HIGH,,,,minimal,0.0,0.0,unknown,False,False,24.0,AML.T0105,Escape to Host,,technique,
2026-03-09T13:10:01.771767+00:00,mitre_atlas,,"Adversaries may exploit software vulnerabilities in an attempt to collect credentials. Exploitation of a software vulnerability occurs when an adversary takes advantage of a programming error in a program, service, or within the operating system software or kernel itself to execute adversary-controlled code.",generic,other,,HIGH,,,,minimal,0.0,0.0,unknown,False,False,24.0,AML.T0106,Exploitation for Credential Access,,technique,
2026-03-09T13:10:01.771767+00:00,mitre_atlas,,"Adversaries may exploit a system or application vulnerability to bypass security features. Exploitation of a vulnerability occurs when an adversary takes advantage of a programming error in a program, service, or within the operating system software or kernel itself to execute adversary-controlled code. Vulnerabilities may exist in defensive security software that can be used to disable or circumvent them.",generic,other,,HIGH,,,,minimal,0.0,0.0,unknown,False,False,24.0,AML.T0107,Exploitation for Defense Evasion,,technique,
2026-03-09T13:10:01.771767+00:00,mitre_atlas,,"Adversaries may abuse AI agents present on the victim's system for command and control. AI agents are often granted access to tools that can execute shell commands, reach out to the internet, and interact with other services in the victim's environment, making them capable C2 agents.

The adversary may modify the behavior of an AI agent for C2 via {{ create_internal_link(llm_prompt_injection) }} and rely on the agent's ability to invoke tools to retrieve and execute the adversary's commands. The",generic,other,,HIGH,,,,minimal,0.0,0.0,unknown,False,False,24.0,AML.T0108,AI Agent,,technique,
2026-03-09T13:10:02.315178+00:00,owasp_llm,,,generic,prompt_injection,,,,,,high,0.78,0.65,Input sanitization + output filtering,False,True,45.4,,Prompt Injection,,taxonomy,LLM01
2026-03-09T13:10:02.315178+00:00,owasp_llm,,,generic,remote_code_execution,,,,,,high,0.15,0.8,Sandboxing + input validation,True,True,23.5,,Insecure Output Handling,,taxonomy,LLM02
2026-03-09T13:10:02.315178+00:00,owasp_llm,,,generic,data_poisoning,,,,,,unacceptable,0.34,0.45,Data provenance + anomaly detection,False,True,41.2,,Training Data Poisoning,,taxonomy,LLM03
2026-03-09T13:10:02.315178+00:00,owasp_llm,,,generic,denial_of_service,,,,,,high,0.71,0.85,Rate limiting + resource quotas,True,True,39.3,,Model Denial of Service,,taxonomy,LLM04
2026-03-09T13:10:02.315178+00:00,owasp_llm,,,generic,supply_chain,,,,,,high,0.23,0.75,SBOM + signature verification,True,True,26.9,,Supply Chain Vulnerabilities,,taxonomy,LLM05
2026-03-09T13:10:02.315178+00:00,owasp_llm,,,generic,data_exfiltration,,,,,,high,0.29,0.6,Differential privacy + output filtering,False,True,31.7,,Sensitive Information Disclosure,,taxonomy,LLM06
2026-03-09T13:10:02.315178+00:00,owasp_llm,,,generic,remote_code_execution,,,,,,high,0.15,0.8,Sandboxing + input validation,True,True,23.5,,Insecure Plugin Design,,taxonomy,LLM07
2026-03-09T13:10:02.315178+00:00,owasp_llm,,,generic,other,,,,,,high,0.0,0.0,unknown,False,False,35.0,,Excessive Agency,,taxonomy,LLM08
2026-03-09T13:10:02.315178+00:00,owasp_llm,,,generic,other,,,,,,limited,0.0,0.0,unknown,False,False,28.0,,Overreliance,,taxonomy,LLM09
2026-03-09T13:10:02.315178+00:00,owasp_llm,,,generic,model_extraction,,,,,,high,0.41,0.7,Rate limiting + watermarking,True,True,33.3,,Model Theft,,taxonomy,LLM10
